,dt,open,close,high,low,vol,cje,zxj,Code,JW_5,JW_30,DI_5min,DING_5min,DI_30min,DING_30min,volume,icon_1,icon_2,icon_11,icon_12,icon_13,icon_34,icon_35,icon_38,icon_39,icon_41
0,2023-12-27 22:31:00,258.35,259.05,259.07,257.0,2706669,2706669,2706669,分时图,,,0,0,0,0,2706669,0,0,0,0,0,0,0,0,0,0
1,2023-12-27 22:32:00,259.29,258.9,259.29,258.9,781211,781211,781211,分时图,43.892927066197444,97.44353784493813,0,0,0,0,781211,0,0,0,0,0,0,0,0,0,0
2,2023-12-27 22:33:00,259.37,259.57,259.62,259.37,812323,812323,812323,分时图,43.892927066197444,97.44353784493813,0,0,0,0,812323,0,0,0,0,0,0,0,0,0,0
3,2023-12-27 22:34:00,260.0,260.07,260.37,260.0,1464128,1464128,1464128,分时图,43.892927066197444,97.44353784493813,0,0,0,0,1464128,0,0,0,0,0,0,0,0,0,0
4,2023-12-27 22:35:00,260.27,260.2,260.27,259.82,692547,692547,692547,分时图,43.892927066197444,97.44353784493813,0,0,0,0,692547,0,0,0,0,0,0,0,0,0,0
5,2023-12-27 22:36:00,260.24,260.56,260.56,260.07,870246,870246,870246,分时图,43.892927066197444,97.44353784493813,0,0,0,0,870246,0,0,0,0,0,0,0,0,0,0
6,2023-12-27 22:37:00,260.29,260.73,260.87,260.28,840980,840980,840980,分时图,52.445563468535624,97.44353784493813,0,0,0,0,840980,0,0,0,0,0,0,0,0,0,0
7,2023-12-27 22:38:00,260.84,260.86,260.9,260.78,507096,507096,507096,分时图,52.445563468535624,97.44353784493813,0,0,0,0,507096,0,0,0,0,0,0,0,0,0,0
8,2023-12-27 22:39:00,260.75,260.65,260.75,260.59,445632,445632,445632,分时图,52.445563468535624,97.44353784493813,0,0,0,0,445632,0,0,0,0,0,0,0,0,0,0
9,2023-12-27 22:40:00,260.73,261.16,261.16,260.73,849383,849383,849383,分时图,52.445563468535624,97.44353784493813,0,0,0,0,849383,0,0,0,0,0,0,0,0,0,0
10,2023-12-27 22:41:00,261.23,261.45,261.47,261.23,814025,814025,814025,分时图,52.445563468535624,97.44353784493813,0,0,0,0,814025,0,0,0,0,0,0,0,0,0,0
11,2023-12-27 22:42:00,261.26,261.13,261.26,261.0,672116,672116,672116,分时图,59.34847236530936,97.44353784493813,0,0,0,0,672116,0,0,0,0,0,0,0,0,0,0
12,2023-12-27 22:43:00,261.26,261.33,261.36,261.16,498875,498875,498875,分时图,59.34847236530936,97.44353784493813,0,0,0,0,498875,0,0,0,0,0,0,0,0,0,0
13,2023-12-27 22:44:00,261.44,261.94,261.94,261.44,833536,833536,833536,分时图,59.34847236530936,97.44353784493813,0,0,0,0,833536,0,0,0,0,0,0,0,0,0,0
14,2023-12-27 22:45:00,261.95,262.26,262.26,261.95,962567,962567,962567,分时图,59.34847236530936,97.44353784493813,0,0,0,0,962567,0,0,0,0,0,0,0,0,0,0
15,2023-12-27 22:46:00,262.4,262.15,262.42,262.11,705378,705378,705378,分时图,59.34847236530936,97.44353784493813,0,0,0,0,705378,0,0,0,0,0,0,0,0,0,0
16,2023-12-27 22:47:00,261.92,261.9,261.92,261.81,629782,629782,629782,分时图,66.13755903635095,97.44353784493813,0,0,0,0,629782,0,0,0,0,0,0,0,0,0,0
17,2023-12-27 22:48:00,261.93,261.85,262.05,261.8,466175,466175,466175,分时图,66.13755903635095,97.44353784493813,0,0,0,0,466175,0,0,0,0,0,0,0,0,0,0
18,2023-12-27 22:49:00,261.84,261.41,261.84,261.19,782054,782054,782054,分时图,66.13755903635095,97.44353784493813,0,0,0,0,782054,0,0,0,0,0,0,0,0,0,0
19,2023-12-27 22:50:00,261.48,261.93,261.93,261.48,569101,569101,569101,分时图,66.13755903635095,97.44353784493813,0,0,0,0,569101,0,0,0,0,0,0,0,0,0,0
20,2023-12-27 22:51:00,262.27,262.35,262.35,262.14,691298,691298,691298,分时图,66.13755903635095,97.44353784493813,0,0,0,0,691298,0,0,0,0,0,0,0,0,0,0
21,2023-12-27 22:52:00,262.47,262.17,262.58,262.17,686018,686018,686018,分时图,71.63036445238484,97.44353784493813,0,0,0,0,686018,0,0,0,0,0,0,0,0,0,0
22,2023-12-27 22:53:00,262.38,262.45,262.66,262.36,638876,638876,638876,分时图,71.63036445238484,97.44353784493813,0,0,0,0,638876,0,0,0,0,0,0,0,0,0,0
23,2023-12-27 22:54:00,262.41,262.72,262.72,262.29,468196,468196,468196,分时图,71.63036445238484,97.44353784493813,0,0,0,0,468196,0,0,0,0,0,0,0,0,0,0
24,2023-12-27 22:55:00,262.8,262.6,262.8,262.58,458932,458932,458932,分时图,71.63036445238484,97.44353784493813,0,0,0,0,458932,0,0,0,0,0,0,0,0,0,0
25,2023-12-27 22:56:00,262.43,262.53,262.56,262.15,471132,471132,471132,分时图,71.63036445238484,97.44353784493813,0,0,0,0,471132,0,0,0,0,0,0,0,0,0,0
26,2023-12-27 22:57:00,262.28,262.4,262.42,262.18,564598,564598,564598,分时图,77.30493191420021,97.44353784493813,0,0,0,0,564598,0,0,0,0,0,0,0,0,0,0
27,2023-12-27 22:58:00,262.58,262.29,262.58,262.18,391898,391898,391898,分时图,77.30493191420021,97.44353784493813,0,0,0,0,391898,0,0,0,0,0,0,0,0,0,0
28,2023-12-27 22:59:00,262.12,262.24,262.24,262.08,373452,373452,373452,分时图,77.30493191420021,97.44353784493813,0,0,0,0,373452,0,0,0,0,0,0,0,0,0,0
29,2023-12-27 23:00:00,262.37,262.48,262.48,262.36,523262,523262,523262,分时图,77.30493191420021,97.44353784493813,0,0,0,0,523262,0,0,0,0,0,0,0,0,0,0
30,2023-12-27 23:01:00,262.6,262.87,262.87,262.6,797054,797054,797054,分时图,77.30493191420021,97.44353784493813,0,0,0,0,797054,0,0,0,0,0,0,0,0,0,0
31,2023-12-27 23:02:00,262.89,263.01,263.08,262.89,810316,810316,810316,分时图,81.40555185487744,99.90974627563807,0,0,0,0,810316,0,0,0,0,0,0,0,0,0,0
32,2023-12-27 23:03:00,262.75,263.07,263.13,262.75,537600,537600,537600,分时图,81.40555185487744,99.90974627563807,0,0,0,0,537600,0,0,0,0,0,0,0,0,0,0
33,2023-12-27 23:04:00,263.2,263.29,263.29,263.17,509820,509820,509820,分时图,81.40555185487744,99.90974627563807,0,0,0,0,509820,0,0,0,0,0,0,0,0,0,0
34,2023-12-27 23:05:00,263.27,263.11,263.27,263.11,350476,350476,350476,分时图,81.40555185487744,99.90974627563807,0,0,0,0,350476,0,0,0,0,0,0,0,0,0,0
35,2023-12-27 23:06:00,263.15,262.94,263.24,262.92,349412,349412,349412,分时图,81.40555185487744,99.90974627563807,0,0,0,0,349412,0,0,0,0,0,0,0,0,0,0
36,2023-12-27 23:07:00,262.93,262.85,263.02,262.83,329448,329448,329448,分时图,84.31056369108603,99.90974627563807,0,0,0,0,329448,0,0,0,0,0,0,0,0,0,0
37,2023-12-27 23:08:00,262.9,262.85,262.92,262.84,331188,331188,331188,分时图,84.31056369108603,99.90974627563807,0,0,0,0,331188,0,0,0,0,0,0,0,0,0,0
38,2023-12-27 23:09:00,262.95,263.14,263.2,262.95,424072,424072,424072,分时图,84.31056369108603,99.90974627563807,0,0,0,0,424072,0,0,0,0,0,0,0,0,0,0
39,2023-12-27 23:10:00,263.12,262.64,263.12,262.64,500686,500686,500686,分时图,84.31056369108603,99.90974627563807,0,0,0,0,500686,0,0,0,0,0,0,0,0,0,0
40,2023-12-27 23:11:00,262.78,262.67,262.85,262.67,352650,352650,352650,分时图,84.31056369108603,99.90974627563807,0,0,0,0,352650,0,0,0,0,0,0,0,0,0,0
41,2023-12-27 23:12:00,262.56,262.16,262.56,262.16,549792,549792,549792,分时图,85.2008058170845,99.90974627563807,0,0,0,0,549792,0,0,0,0,0,0,0,0,0,0
42,2023-12-27 23:13:00,262.18,262.15,262.44,262.15,360932,360932,360932,分时图,85.2008058170845,99.90974627563807,0,0,0,0,360932,0,0,0,0,0,0,0,0,0,0
43,2023-12-27 23:14:00,262.18,261.82,262.33,261.82,476228,476228,476228,分时图,85.2008058170845,99.90974627563807,0,0,0,0,476228,0,0,0,0,0,0,0,0,0,0
44,2023-12-27 23:15:00,262.18,262.09,262.18,261.97,545010,545010,545010,分时图,85.2008058170845,99.90974627563807,0,0,0,0,545010,0,0,0,0,0,0,0,0,0,0
45,2023-12-27 23:16:00,262.01,262.05,262.14,261.98,468164,468164,468164,分时图,85.2008058170845,99.90974627563807,0,0,0,0,468164,0,0,0,0,0,0,0,0,0,0
46,2023-12-27 23:17:00,261.94,262.02,262.13,261.92,373194,373194,373194,分时图,85.64088878510165,99.90974627563807,0,0,0,0,373194,0,0,0,0,0,0,0,0,0,0
47,2023-12-27 23:18:00,261.9,261.86,261.91,261.73,305848,305848,305848,分时图,85.64088878510165,99.90974627563807,0,0,0,0,305848,0,0,0,0,0,0,0,0,0,0
48,2023-12-27 23:19:00,261.87,262.14,262.14,261.81,374164,374164,374164,分时图,85.64088878510165,99.90974627563807,0,0,0,0,374164,0,0,0,0,0,0,0,0,0,0
49,2023-12-27 23:20:00,262.26,262.37,262.44,262.2,582656,582656,582656,分时图,85.64088878510165,99.90974627563807,0,0,0,0,582656,0,0,0,0,0,0,0,0,0,0
50,2023-12-27 23:21:00,262.43,261.93,262.47,261.93,485328,485328,485328,分时图,85.64088878510165,99.90974627563807,0,0,0,0,485328,0,0,0,0,0,0,0,0,0,0
51,2023-12-27 23:22:00,261.82,261.86,261.93,261.66,522230,522230,522230,分时图,87.05406101151695,99.90974627563807,0,0,0,0,522230,0,0,0,0,0,0,0,0,0,0
52,2023-12-27 23:23:00,261.81,261.88,261.92,261.81,288274,288274,288274,分时图,87.05406101151695,99.90974627563807,0,0,0,0,288274,0,0,0,0,0,0,0,0,0,0
53,2023-12-27 23:24:00,261.94,262.27,262.27,261.83,285608,285608,285608,分时图,87.05406101151695,99.90974627563807,0,0,0,0,285608,0,0,0,0,0,0,0,0,0,0
54,2023-12-27 23:25:00,262.34,262.49,262.49,262.34,505696,505696,505696,分时图,87.05406101151695,99.90974627563807,0,0,0,0,505696,0,0,0,0,0,0,0,0,0,0
55,2023-12-27 23:26:00,262.71,262.32,262.71,262.32,471184,471184,471184,分时图,87.05406101151695,99.90974627563807,0,0,0,0,471184,0,0,0,0,0,0,0,0,0,0
56,2023-12-27 23:27:00,262.55,262.52,262.67,262.52,335032,335032,335032,分时图,89.36002393904815,99.90974627563807,0,0,0,0,335032,0,0,0,0,0,0,0,0,0,0
57,2023-12-27 23:28:00,262.61,262.83,262.83,262.61,288324,288324,288324,分时图,89.36002393904815,99.90974627563807,0,0,0,0,288324,0,0,0,0,0,0,0,0,0,0
58,2023-12-27 23:29:00,262.83,262.96,262.96,262.83,347212,347212,347212,分时图,89.36002393904815,99.90974627563807,0,0,0,0,347212,0,0,0,0,0,0,0,0,0,0
59,2023-12-27 23:30:00,262.92,262.84,262.94,262.83,402040,402040,402040,分时图,89.36002393904815,99.90974627563807,0,0,0,0,402040,0,0,0,0,0,0,0,0,0,0
60,2023-12-27 23:31:00,262.89,262.72,262.89,262.72,368692,368692,368692,分时图,89.36002393904815,99.90974627563807,0,0,0,0,368692,0,0,0,0,0,0,0,0,0,0
61,2023-12-27 23:32:00,262.87,262.83,262.87,262.76,261888,261888,261888,分时图,90.24822061849434,100.93730095581108,0,0,0,1,261888,0,0,0,0,0,0,0,0,0,0
62,2023-12-27 23:33:00,262.85,262.41,262.85,262.41,354024,354024,354024,分时图,90.24822061849434,100.93730095581108,0,0,0,1,354024,0,0,0,0,0,0,0,0,0,0
63,2023-12-27 23:34:00,262.53,262.21,262.53,262.17,295552,295552,295552,分时图,90.24822061849434,100.93730095581108,0,0,0,1,295552,0,0,0,0,0,0,0,0,0,0
64,2023-12-27 23:35:00,262.4,262.27,262.4,262.27,237360,237360,237360,分时图,90.24822061849434,100.93730095581108,0,0,0,1,237360,0,0,0,0,0,0,0,0,0,0
65,2023-12-27 23:36:00,262.12,262.3,262.3,261.94,466788,466788,466788,分时图,90.24822061849434,100.93730095581108,0,0,0,1,466788,0,0,0,0,0,0,0,0,0,0
66,2023-12-27 23:37:00,262.2,262.15,262.32,262.15,256788,256788,256788,分时图,90.00588477736633,100.93730095581108,0,0,0,1,256788,0,0,0,0,0,0,0,0,0,0
67,2023-12-27 23:38:00,262.12,262.22,262.22,261.89,302216,302216,302216,分时图,90.00588477736633,100.93730095581108,0,0,0,1,302216,0,0,0,0,0,0,0,0,0,0
68,2023-12-27 23:39:00,262.09,262.31,262.31,261.97,275120,275120,275120,分时图,90.00588477736633,100.93730095581108,0,0,0,1,275120,0,0,0,0,0,0,0,0,0,0
69,2023-12-27 23:40:00,262.39,262.39,262.52,262.39,329120,329120,329120,分时图,90.00588477736633,100.93730095581108,0,0,0,1,329120,0,0,0,0,0,0,0,0,0,0
70,2023-12-27 23:41:00,262.35,261.93,262.5,261.93,404152,404152,404152,分时图,90.00588477736633,100.93730095581108,0,0,0,1,404152,0,0,0,0,0,0,0,0,0,0
71,2023-12-27 23:42:00,262.06,261.85,262.06,261.78,298888,298888,298888,分时图,88.40619739210592,100.93730095581108,0,0,0,1,298888,0,0,0,0,0,0,0,0,0,0
72,2023-12-27 23:43:00,261.79,261.57,261.84,261.57,388292,388292,388292,分时图,88.40619739210592,100.93730095581108,0,0,0,1,388292,0,0,0,0,0,0,0,0,0,0
73,2023-12-27 23:44:00,261.7,261.38,261.71,261.38,424972,424972,424972,分时图,88.40619739210592,100.93730095581108,0,0,0,1,424972,0,0,0,0,0,0,0,0,0,0
74,2023-12-27 23:45:00,261.43,261.5,261.64,261.43,310824,310824,310824,分时图,88.40619739210592,100.93730095581108,0,0,0,1,310824,0,0,0,0,0,0,0,0,0,0
75,2023-12-27 23:46:00,261.3,261.43,261.43,261.3,281816,281816,281816,分时图,88.40619739210592,100.93730095581108,0,0,0,1,281816,0,0,0,0,0,0,0,0,0,0
76,2023-12-27 23:47:00,261.46,261.72,261.83,261.46,449228,449228,449228,分时图,87.59454434865609,100.93730095581108,0,0,0,1,449228,0,0,0,0,0,0,0,0,0,0
77,2023-12-27 23:48:00,261.84,261.78,261.84,261.69,300468,300468,300468,分时图,87.59454434865609,100.93730095581108,0,0,0,1,300468,0,0,0,0,0,0,0,0,0,0
78,2023-12-27 23:49:00,261.72,261.58,261.72,261.54,226952,226952,226952,分时图,87.59454434865609,100.93730095581108,0,0,0,1,226952,0,0,0,0,0,0,0,0,0,0
79,2023-12-27 23:50:00,261.62,261.66,261.66,261.53,139368,139368,139368,分时图,87.59454434865609,100.93730095581108,0,0,0,1,139368,0,0,0,0,0,0,0,0,0,0
80,2023-12-27 23:51:00,261.74,261.67,261.79,261.67,274220,274220,274220,分时图,87.59454434865609,100.93730095581108,0,0,0,1,274220,0,0,0,0,0,0,0,0,0,0
81,2023-12-27 23:52:00,261.65,261.57,261.78,261.57,262372,262372,262372,分时图,86.19416769626204,100.93730095581108,0,0,0,1,262372,0,0,0,0,0,0,0,0,0,0
82,2023-12-27 23:53:00,261.51,261.59,261.73,261.51,284460,284460,284460,分时图,86.19416769626204,100.93730095581108,0,0,0,1,284460,0,0,0,0,0,0,0,0,0,0
83,2023-12-27 23:54:00,261.55,261.36,261.55,261.26,292612,292612,292612,分时图,86.19416769626204,100.93730095581108,0,0,0,1,292612,0,0,0,0,0,0,0,0,0,0
84,2023-12-27 23:55:00,261.38,261.37,261.41,261.34,153736,153736,153736,分时图,86.19416769626204,100.93730095581108,0,0,0,1,153736,0,0,0,0,0,0,0,0,0,0
85,2023-12-27 23:56:00,261.27,261.43,261.46,261.23,454528,454528,454528,分时图,86.19416769626204,100.93730095581108,0,0,0,1,454528,0,0,0,0,0,0,0,0,0,0
86,2023-12-27 23:57:00,261.59,261.78,261.78,261.55,392604,392604,392604,分时图,85.78160787165817,100.93730095581108,0,0,0,1,392604,0,0,0,0,0,0,0,0,0,0
87,2023-12-27 23:58:00,261.72,261.89,261.92,261.72,309356,309356,309356,分时图,85.78160787165817,100.93730095581108,0,0,0,1,309356,0,0,0,0,0,0,0,0,0,0
88,2023-12-27 23:59:00,261.97,261.93,261.97,261.89,291816,291816,291816,分时图,85.78160787165817,100.93730095581108,0,0,0,1,291816,0,0,0,0,0,0,0,0,0,0
89,2023-12-28 00:00:00,261.01,261.06,261.11,261.01,191932,191932,191932,分时图,85.78160787165817,100.93730095581108,0,0,0,1,191932,0,0,0,0,0,0,0,0,0,0
90,2023-12-28 00:01:00,261.05,261.11,261.11,261.02,112812,112812,112812,分时图,85.78160787165817,100.93730095581108,0,0,0,1,112812,0,0,0,0,0,0,0,0,0,0
91,2023-12-28 00:02:00,261.09,260.61,261.1,260.61,282060,282060,282060,分时图,3.4338839358893836,87.2989529956183,0,0,0,0,282060,0,0,0,0,0,0,0,0,0,0
92,2023-12-28 00:03:00,260.57,260.63,260.71,260.57,340368,340368,340368,分时图,3.4338839358893836,87.2989529956183,0,0,0,0,340368,0,0,0,0,0,0,0,0,0,0
93,2023-12-28 00:04:00,260.53,260.21,260.53,260.21,443412,443412,443412,分时图,3.4338839358893836,87.2989529956183,0,0,0,0,443412,0,0,0,0,0,0,0,0,0,0
94,2023-12-28 00:05:00,260.03,259.89,260.03,259.85,735788,735788,735788,分时图,3.4338839358893836,87.2989529956183,0,0,0,0,735788,0,0,0,0,0,0,0,0,0,0
95,2023-12-28 00:06:00,260.0,260.14,260.17,260.0,386216,386216,386216,分时图,3.4338839358893836,87.2989529956183,0,0,0,0,386216,1,0,0,0,0,0,0,0,0,0
96,2023-12-28 00:07:00,259.98,259.96,259.98,259.83,392668,392668,392668,分时图,1.0199098859596063,87.2989529956183,0,0,0,0,392668,0,0,0,0,0,0,0,0,0,0
97,2023-12-28 00:08:00,259.9,259.4,259.9,259.21,709440,709440,709440,分时图,1.0199098859596063,87.2989529956183,0,0,0,0,709440,0,0,0,0,0,0,0,0,0,0
98,2023-12-28 00:09:00,259.36,259.18,259.36,258.97,604940,604940,604940,分时图,1.0199098859596063,87.2989529956183,0,0,0,0,604940,0,0,0,0,0,0,0,0,0,0
99,2023-12-28 00:10:00,259.14,259.22,259.29,259.06,305668,305668,305668,分时图,1.0199098859596063,87.2989529956183,0,0,0,0,305668,0,0,0,0,0,0,0,0,0,0
100,2023-12-28 00:11:00,259.27,259.39,259.39,259.09,356660,356660,356660,分时图,1.0199098859596063,87.2989529956183,0,0,0,0,356660,0,0,0,0,0,0,0,0,0,0
101,2023-12-28 00:12:00,259.46,259.38,259.46,259.38,320996,320996,320996,分时图,-1.3103472364662423,87.2989529956183,1,0,0,0,320996,0,0,0,0,0,0,0,0,0,0
102,2023-12-28 00:13:00,259.21,259.23,259.24,259.13,301428,301428,301428,分时图,-1.3103472364662423,87.2989529956183,1,0,0,0,301428,0,0,0,0,0,0,0,0,0,0
103,2023-12-28 00:14:00,259.22,259.01,259.22,259.01,315100,315100,315100,分时图,-1.3103472364662423,87.2989529956183,1,0,0,0,315100,0,0,0,0,0,0,0,0,0,0
104,2023-12-28 00:15:00,258.96,259.25,259.32,258.96,405060,405060,405060,分时图,-1.3103472364662423,87.2989529956183,1,0,0,0,405060,0,0,0,0,0,0,0,0,0,0
105,2023-12-28 00:16:00,259.26,259.3,259.3,259.18,220624,220624,220624,分时图,-1.3103472364662423,87.2989529956183,1,0,0,0,220624,0,0,0,0,0,0,0,0,0,0
106,2023-12-28 00:17:00,259.26,259.18,259.26,259.18,231940,231940,231940,分时图,-3.419744963668151,87.2989529956183,1,0,0,0,231940,0,0,0,0,0,0,0,0,0,0
107,2023-12-28 00:18:00,259.3,259.19,259.32,259.19,173692,173692,173692,分时图,-3.419744963668151,87.2989529956183,1,0,0,0,173692,0,0,0,0,0,0,0,0,0,0
108,2023-12-28 00:19:00,259.4,259.54,259.61,259.4,359472,359472,359472,分时图,-3.419744963668151,87.2989529956183,1,0,0,0,359472,0,0,0,0,0,0,0,0,0,0
109,2023-12-28 00:20:00,259.55,258.76,259.55,258.76,528376,528376,528376,分时图,-3.419744963668151,87.2989529956183,1,0,0,0,528376,0,0,0,0,0,0,0,0,0,0
110,2023-12-28 00:21:00,258.86,258.98,258.98,258.66,483120,483120,483120,分时图,-3.419744963668151,87.2989529956183,1,0,0,0,483120,0,0,0,0,0,0,0,0,0,0
111,2023-12-28 00:22:00,258.83,259.08,259.08,258.83,274000,274000,274000,分时图,-5.36954760876975,87.2989529956183,1,0,0,0,274000,0,0,0,0,0,0,0,0,0,0
112,2023-12-28 00:23:00,259.29,259.33,259.33,259.2,243648,243648,243648,分时图,-5.36954760876975,87.2989529956183,1,0,0,0,243648,0,0,0,0,0,0,0,0,0,0
113,2023-12-28 00:24:00,259.31,258.99,259.31,258.99,260956,260956,260956,分时图,-5.36954760876975,87.2989529956183,1,0,0,0,260956,0,0,0,0,0,0,0,0,0,0
114,2023-12-28 00:25:00,258.95,258.96,259.08,258.95,261784,261784,261784,分时图,-5.36954760876975,87.2989529956183,1,0,0,0,261784,0,0,0,0,0,0,0,0,0,0
115,2023-12-28 00:26:00,258.97,258.93,258.97,258.78,248568,248568,248568,分时图,-5.36954760876975,87.2989529956183,1,0,0,0,248568,0,0,0,0,0,0,0,0,0,0
116,2023-12-28 00:27:00,259.03,258.91,259.03,258.91,184064,184064,184064,分时图,-7.834146353390139,87.2989529956183,1,0,0,0,184064,0,0,0,0,0,0,0,0,0,0
117,2023-12-28 00:28:00,259.02,259.22,259.24,259.02,296052,296052,296052,分时图,-7.834146353390139,87.2989529956183,1,0,0,0,296052,0,0,0,0,0,0,0,0,0,0
118,2023-12-28 00:29:00,259.26,259.19,259.3,259.19,185560,185560,185560,分时图,-7.834146353390139,87.2989529956183,1,0,0,0,185560,0,0,0,0,0,0,0,0,0,0
119,2023-12-28 00:30:00,259.22,259.0,259.23,258.95,272984,272984,272984,分时图,-7.834146353390139,87.2989529956183,1,0,0,0,272984,0,0,0,0,0,0,0,0,0,0
120,2023-12-28 00:31:00,258.93,258.55,258.93,258.55,368068,368068,368068,分时图,-7.834146353390139,87.2989529956183,1,0,0,0,368068,0,0,0,0,0,0,0,0,0,0
121,2023-12-28 00:32:00,258.48,258.72,258.72,258.48,523376,523376,523376,分时图,-9.832510662265506,81.8309113074883,1,0,0,0,523376,0,0,0,0,0,0,0,0,0,0
122,2023-12-28 00:33:00,258.81,258.85,258.85,258.72,185776,185776,185776,分时图,-9.832510662265506,81.8309113074883,1,0,0,0,185776,0,0,0,0,0,0,0,0,0,0
123,2023-12-28 00:34:00,258.77,258.6,258.77,258.6,198240,198240,198240,分时图,-9.832510662265506,81.8309113074883,1,0,0,0,198240,0,0,0,0,0,0,0,0,0,0
124,2023-12-28 00:35:00,258.62,258.44,258.62,258.44,379604,379604,379604,分时图,-9.832510662265506,81.8309113074883,1,0,0,0,379604,0,0,0,0,0,0,0,0,0,0
125,2023-12-28 00:36:00,258.4,258.36,258.43,258.32,349128,349128,349128,分时图,-9.832510662265506,81.8309113074883,1,0,0,0,349128,0,0,0,0,0,0,0,0,0,0
126,2023-12-28 00:37:00,258.58,258.83,258.83,258.58,355116,355116,355116,分时图,-10.105004793783706,81.8309113074883,1,0,0,0,355116,0,0,0,0,0,0,0,0,0,0
127,2023-12-28 00:38:00,258.85,258.86,258.86,258.82,182868,182868,182868,分时图,-10.105004793783706,81.8309113074883,1,0,0,0,182868,0,0,0,0,0,0,0,0,0,0
128,2023-12-28 00:39:00,258.87,258.96,258.96,258.8,194936,194936,194936,分时图,-10.105004793783706,81.8309113074883,1,0,0,0,194936,0,0,0,0,0,0,0,0,0,0
129,2023-12-28 00:40:00,258.95,258.95,259.0,258.87,224188,224188,224188,分时图,-10.105004793783706,81.8309113074883,1,0,0,0,224188,0,0,0,0,0,0,0,0,0,0
130,2023-12-28 00:41:00,258.95,258.86,258.98,258.86,178796,178796,178796,分时图,-10.105004793783706,81.8309113074883,1,0,0,0,178796,0,0,0,0,0,0,0,0,0,0
131,2023-12-28 00:42:00,258.82,259.17,259.17,258.82,266400,266400,266400,分时图,-9.664529819108509,81.8309113074883,1,0,0,0,266400,0,0,0,0,0,0,0,0,0,0
132,2023-12-28 00:43:00,259.16,259.04,259.16,259.04,204064,204064,204064,分时图,-9.664529819108509,81.8309113074883,1,0,0,0,204064,0,0,0,0,0,0,0,0,0,0
133,2023-12-28 00:44:00,259.04,258.91,259.08,258.91,151520,151520,151520,分时图,-9.664529819108509,81.8309113074883,1,0,0,0,151520,0,0,0,0,0,0,0,0,0,0
134,2023-12-28 00:45:00,259.04,259.13,259.14,259.04,265420,265420,265420,分时图,-9.664529819108509,81.8309113074883,1,0,0,0,265420,0,0,0,0,0,0,0,0,0,0
135,2023-12-28 00:46:00,259.15,259.07,259.18,259.07,199888,199888,199888,分时图,-9.664529819108509,81.8309113074883,1,0,0,0,199888,0,0,0,0,0,0,0,0,0,0
136,2023-12-28 00:47:00,259.04,259.05,259.07,259.02,106400,106400,106400,分时图,-9.188270534036683,81.8309113074883,1,0,0,0,106400,0,0,0,0,0,0,0,0,0,0
137,2023-12-28 00:48:00,259.05,258.89,259.07,258.88,184564,184564,184564,分时图,-9.188270534036683,81.8309113074883,1,0,0,0,184564,0,0,0,0,0,0,0,0,0,0
138,2023-12-28 00:49:00,258.95,259.05,259.05,258.9,171356,171356,171356,分时图,-9.188270534036683,81.8309113074883,1,0,0,0,171356,0,0,0,0,0,0,0,0,0,0
139,2023-12-28 00:50:00,259.08,259.01,259.19,259.01,224916,224916,224916,分时图,-9.188270534036683,81.8309113074883,1,0,0,0,224916,0,0,0,0,0,0,0,0,0,0
140,2023-12-28 00:51:00,259.01,259.07,259.07,258.87,213656,213656,213656,分时图,-9.188270534036683,81.8309113074883,1,0,0,0,213656,0,0,0,0,0,0,0,0,0,0
141,2023-12-28 00:52:00,258.98,258.93,259.05,258.93,502960,502960,502960,分时图,-9.109543148095788,81.8309113074883,1,0,0,0,502960,0,0,0,0,0,0,0,0,0,0
142,2023-12-28 00:53:00,258.67,258.74,258.8,258.67,257348,257348,257348,分时图,-9.109543148095788,81.8309113074883,1,0,0,0,257348,0,0,0,0,0,0,0,0,0,0
143,2023-12-28 00:54:00,258.8,258.88,258.91,258.8,139184,139184,139184,分时图,-9.109543148095788,81.8309113074883,1,0,0,0,139184,0,0,0,0,0,0,0,0,0,0
144,2023-12-28 00:55:00,258.89,258.87,258.95,258.87,152388,152388,152388,分时图,-9.109543148095788,81.8309113074883,1,0,0,0,152388,0,0,0,0,0,0,0,0,0,0
145,2023-12-28 00:56:00,258.85,258.92,258.92,258.82,123412,123412,123412,分时图,-9.109543148095788,81.8309113074883,1,0,0,0,123412,0,0,0,0,0,0,0,0,0,0
146,2023-12-28 00:57:00,258.85,258.96,258.96,258.85,107760,107760,107760,分时图,-9.245184983727022,81.8309113074883,1,0,0,0,107760,0,0,0,0,0,0,0,0,0,0
147,2023-12-28 00:58:00,258.94,258.95,258.96,258.93,72300,72300,72300,分时图,-9.245184983727022,81.8309113074883,1,0,0,0,72300,0,0,0,0,0,0,0,0,0,0
148,2023-12-28 00:59:00,258.96,258.93,258.96,258.84,128772,128772,128772,分时图,-9.245184983727022,81.8309113074883,1,0,0,0,128772,0,0,0,0,0,0,0,0,0,0
149,2023-12-28 01:00:00,258.94,258.86,259.01,258.86,177628,177628,177628,分时图,-9.245184983727022,81.8309113074883,1,0,0,0,177628,0,0,0,0,0,0,0,0,0,0
150,2023-12-28 01:01:00,258.81,258.82,258.82,258.78,140612,140612,140612,分时图,-9.245184983727022,81.8309113074883,1,0,0,0,140612,0,0,0,0,0,0,0,0,0,0
151,2023-12-28 01:02:00,258.96,259.0,259.11,258.96,288440,288440,288440,分时图,-8.123180308763978,77.19810069614354,1,0,0,0,288440,0,0,0,0,0,0,0,0,0,0
152,2023-12-28 01:03:00,258.93,258.97,259.0,258.93,137668,137668,137668,分时图,-8.123180308763978,77.19810069614354,1,0,0,0,137668,0,0,0,0,0,0,0,0,0,0
153,2023-12-28 01:04:00,258.97,258.9,259.01,258.87,125368,125368,125368,分时图,-8.123180308763978,77.19810069614354,1,0,0,0,125368,0,0,0,0,0,0,0,0,0,0
154,2023-12-28 01:05:00,258.97,259.12,259.12,258.97,126256,126256,126256,分时图,-8.123180308763978,77.19810069614354,1,0,0,0,126256,0,0,0,0,0,0,0,0,0,0
155,2023-12-28 01:06:00,259.28,259.23,259.33,259.23,288008,288008,288008,分时图,-8.123180308763978,77.19810069614354,1,0,0,0,288008,0,0,0,0,0,0,0,0,0,0
156,2023-12-28 01:07:00,259.21,259.36,259.36,259.15,183644,183644,183644,分时图,-6.708231519635511,77.19810069614354,1,0,0,0,183644,0,0,0,0,0,0,0,0,0,0
157,2023-12-28 01:08:00,259.36,259.23,259.36,259.23,161432,161432,161432,分时图,-6.708231519635511,77.19810069614354,1,0,0,0,161432,0,0,0,0,0,0,0,0,0,0
158,2023-12-28 01:09:00,259.23,259.22,259.27,259.22,133052,133052,133052,分时图,-6.708231519635511,77.19810069614354,1,0,0,0,133052,0,0,0,0,0,0,0,0,0,0
159,2023-12-28 01:10:00,259.23,259.26,259.3,259.23,178808,178808,178808,分时图,-6.708231519635511,77.19810069614354,1,0,0,0,178808,0,0,0,0,0,0,0,0,0,0
160,2023-12-28 01:11:00,259.28,259.35,259.36,259.28,174784,174784,174784,分时图,-6.708231519635511,77.19810069614354,1,0,0,0,174784,0,0,0,0,0,0,0,0,0,0
161,2023-12-28 01:12:00,259.38,259.31,259.38,259.31,115084,115084,115084,分时图,-6.685918910542462,77.19810069614354,1,0,0,0,115084,0,0,0,0,0,0,0,0,0,0
162,2023-12-28 01:13:00,259.26,259.21,259.34,259.21,117660,117660,117660,分时图,-6.685918910542462,77.19810069614354,1,0,0,0,117660,0,0,0,0,0,0,0,0,0,0
163,2023-12-28 01:14:00,259.12,259.06,259.28,259.06,209040,209040,209040,分时图,-6.685918910542462,77.19810069614354,1,0,0,0,209040,0,0,0,0,0,0,0,0,0,0
164,2023-12-28 01:15:00,259.15,259.05,259.15,259.05,139492,139492,139492,分时图,-6.685918910542462,77.19810069614354,1,0,0,0,139492,0,0,0,0,0,0,0,0,0,0
165,2023-12-28 01:16:00,259.05,258.89,259.07,258.89,218016,218016,218016,分时图,-6.685918910542462,77.19810069614354,1,0,0,0,218016,0,0,0,0,0,0,0,0,0,0
166,2023-12-28 01:17:00,258.9,258.88,258.95,258.88,153832,153832,153832,分时图,-5.831211398129987,77.19810069614354,1,0,0,0,153832,0,0,0,0,0,0,0,0,0,0
167,2023-12-28 01:18:00,258.82,259.12,259.12,258.82,198596,198596,198596,分时图,-5.831211398129987,77.19810069614354,1,0,0,0,198596,0,0,0,0,0,0,0,0,0,0
168,2023-12-28 01:19:00,259.07,259.24,259.24,259.07,147112,147112,147112,分时图,-5.831211398129987,77.19810069614354,1,0,0,0,147112,0,0,0,0,0,0,0,0,0,0
169,2023-12-28 01:20:00,259.21,259.11,259.21,259.11,116000,116000,116000,分时图,-5.831211398129987,77.19810069614354,1,0,0,0,116000,0,0,0,0,0,0,0,0,0,0
170,2023-12-28 01:21:00,259.14,259.16,259.24,259.13,117004,117004,117004,分时图,-5.831211398129987,77.19810069614354,1,0,0,0,117004,0,0,0,0,0,0,0,0,0,0
171,2023-12-28 01:22:00,259.11,259.14,259.18,259.11,80592,80592,80592,分时图,-5.5170988985637734,77.19810069614354,1,0,0,0,80592,0,0,0,0,0,0,0,0,0,0
172,2023-12-28 01:23:00,259.18,258.95,259.18,258.95,150664,150664,150664,分时图,-5.5170988985637734,77.19810069614354,1,0,0,0,150664,0,0,0,0,0,0,0,0,0,0
173,2023-12-28 01:24:00,258.96,258.62,258.96,258.59,273016,273016,273016,分时图,-5.5170988985637734,77.19810069614354,1,0,0,0,273016,0,0,0,0,0,0,0,0,0,0
174,2023-12-28 01:25:00,258.66,258.86,258.86,258.66,183896,183896,183896,分时图,-5.5170988985637734,77.19810069614354,1,0,0,0,183896,0,0,0,0,0,0,0,0,0,0
175,2023-12-28 01:26:00,258.83,258.98,258.98,258.83,151968,151968,151968,分时图,-5.5170988985637734,77.19810069614354,1,0,0,0,151968,0,0,0,0,0,0,0,0,0,0
176,2023-12-28 01:27:00,258.93,258.97,259.02,258.93,149708,149708,149708,分时图,-5.118422469974533,77.19810069614354,1,0,0,0,149708,0,0,0,0,0,0,0,0,0,0
177,2023-12-28 01:28:00,258.99,258.92,259.0,258.92,72268,72268,72268,分时图,-5.118422469974533,77.19810069614354,1,0,0,0,72268,0,0,0,0,0,0,0,0,0,0
178,2023-12-28 01:29:00,258.88,259.01,259.06,258.87,156988,156988,156988,分时图,-5.118422469974533,77.19810069614354,1,0,0,0,156988,0,0,0,0,0,0,0,0,0,0
179,2023-12-28 01:30:00,259.05,258.96,259.05,258.96,82264,82264,82264,分时图,-5.118422469974533,77.19810069614354,1,0,0,0,82264,0,0,0,0,0,0,0,0,0,0
180,2023-12-28 01:31:00,258.95,259.0,259.1,258.95,150916,150916,150916,分时图,-5.118422469974533,77.19810069614354,1,0,0,0,150916,0,0,0,0,0,0,0,0,0,0
181,2023-12-28 01:32:00,258.92,259.01,259.01,258.92,59132,59132,59132,分时图,-2.5704724060713033,73.13653194615983,1,0,0,0,59132,0,0,0,0,0,0,0,0,0,0
182,2023-12-28 01:33:00,259.05,259.23,259.23,259.05,178488,178488,178488,分时图,-2.5704724060713033,73.13653194615983,1,0,0,0,178488,0,0,0,0,0,0,0,0,0,0
183,2023-12-28 01:34:00,259.22,259.54,259.54,259.22,253920,253920,253920,分时图,-2.5704724060713033,73.13653194615983,1,0,0,0,253920,0,0,0,0,0,0,0,0,0,0
184,2023-12-28 01:35:00,259.55,259.73,259.73,259.55,245268,245268,245268,分时图,-2.5704724060713033,73.13653194615983,1,0,0,0,245268,0,0,0,0,0,0,0,0,0,0
185,2023-12-28 01:36:00,259.73,259.75,259.75,259.65,223604,223604,223604,分时图,-2.5704724060713033,73.13653194615983,1,0,0,0,223604,0,0,0,0,0,0,0,0,0,0
186,2023-12-28 01:37:00,259.78,259.82,259.85,259.74,247348,247348,247348,分时图,-0.5577544412981865,73.13653194615983,1,0,0,0,247348,0,0,0,0,0,0,0,0,0,0
187,2023-12-28 01:38:00,259.83,259.73,259.83,259.73,128732,128732,128732,分时图,-0.5577544412981865,73.13653194615983,1,0,0,0,128732,0,0,0,0,0,0,0,0,0,0
188,2023-12-28 01:39:00,259.73,259.64,259.78,259.61,120100,120100,120100,分时图,-0.5577544412981865,73.13653194615983,1,0,0,0,120100,0,0,0,0,0,0,0,0,0,0
189,2023-12-28 01:40:00,259.65,259.59,259.67,259.59,78676,78676,78676,分时图,-0.5577544412981865,73.13653194615983,1,0,0,0,78676,0,0,0,0,0,0,0,0,0,0
190,2023-12-28 01:41:00,259.64,259.64,259.68,259.62,129676,129676,129676,分时图,-0.5577544412981865,73.13653194615983,1,0,0,0,129676,0,0,0,0,0,0,0,0,0,0
191,2023-12-28 01:42:00,259.7,259.65,259.72,259.65,156640,156640,156640,分时图,1.1431312700824066,73.13653194615983,0,0,0,0,156640,0,0,0,0,0,0,0,0,0,0
192,2023-12-28 01:43:00,259.76,259.75,259.83,259.75,206872,206872,206872,分时图,1.1431312700824066,73.13653194615983,0,0,0,0,206872,0,0,0,0,0,0,0,0,0,0
193,2023-12-28 01:44:00,259.57,259.64,259.7,259.57,132160,132160,132160,分时图,1.1431312700824066,73.13653194615983,0,0,0,0,132160,0,0,0,0,0,0,0,0,0,0
194,2023-12-28 01:45:00,259.7,259.6,259.7,259.57,85716,85716,85716,分时图,1.1431312700824066,73.13653194615983,0,0,0,0,85716,0,0,0,0,0,0,0,0,0,0
195,2023-12-28 01:46:00,259.61,259.59,259.61,259.56,89684,89684,89684,分时图,1.1431312700824066,73.13653194615983,0,0,0,0,89684,0,0,0,0,0,0,0,0,0,0
196,2023-12-28 01:47:00,259.65,259.58,259.68,259.58,68732,68732,68732,分时图,1.0826740915365534,73.13653194615983,0,0,0,0,68732,0,0,0,0,0,0,0,0,0,0
197,2023-12-28 01:48:00,259.54,259.42,259.54,259.39,169132,169132,169132,分时图,1.0826740915365534,73.13653194615983,0,0,0,0,169132,0,0,0,0,0,0,0,0,0,0
198,2023-12-28 01:49:00,259.39,259.28,259.41,259.25,123452,123452,123452,分时图,1.0826740915365534,73.13653194615983,0,0,0,0,123452,0,0,0,0,0,0,0,0,0,0
199,2023-12-28 01:50:00,259.3,258.82,259.3,258.82,257032,257032,257032,分时图,1.0826740915365534,73.13653194615983,0,0,0,0,257032,0,0,0,0,0,0,0,0,0,0
200,2023-12-28 01:51:00,258.8,259.02,259.02,258.8,248564,248564,248564,分时图,1.0826740915365534,73.13653194615983,0,0,0,0,248564,0,0,0,0,0,0,0,0,0,0
201,2023-12-28 01:52:00,258.99,259.05,259.05,258.98,154280,154280,154280,分时图,1.412763424273713,73.13653194615983,0,0,0,0,154280,0,0,0,0,0,0,0,0,0,0
202,2023-12-28 01:53:00,259.01,259.08,259.08,259.01,97324,97324,97324,分时图,1.412763424273713,73.13653194615983,0,0,0,0,97324,0,0,0,0,0,0,0,0,0,0
203,2023-12-28 01:54:00,259.04,259.1,259.14,259.04,140088,140088,140088,分时图,1.412763424273713,73.13653194615983,0,0,0,0,140088,0,0,0,0,0,0,0,0,0,0
204,2023-12-28 01:55:00,259.06,259.17,259.19,259.06,105200,105200,105200,分时图,1.412763424273713,73.13653194615983,0,0,0,0,105200,0,0,0,0,0,0,0,0,0,0
205,2023-12-28 01:56:00,259.22,259.14,259.26,259.14,114480,114480,114480,分时图,1.412763424273713,73.13653194615983,0,0,0,0,114480,0,0,0,0,0,0,0,0,0,0
206,2023-12-28 01:57:00,259.12,259.1,259.18,259.09,81236,81236,81236,分时图,1.4923093844084718,73.13653194615983,0,0,0,0,81236,0,0,0,0,0,0,0,0,0,0
207,2023-12-28 01:58:00,259.19,259.18,259.19,259.17,71792,71792,71792,分时图,1.4923093844084718,73.13653194615983,0,0,0,0,71792,0,0,0,0,0,0,0,0,0,0
208,2023-12-28 01:59:00,259.17,259.16,259.23,259.16,74916,74916,74916,分时图,1.4923093844084718,73.13653194615983,0,0,0,0,74916,0,0,0,0,0,0,0,0,0,0
209,2023-12-28 02:00:00,259.18,259.17,259.19,259.17,53136,53136,53136,分时图,1.4923093844084718,73.13653194615983,0,0,0,0,53136,0,0,0,0,0,0,0,0,0,0
210,2023-12-28 02:01:00,259.08,259.05,259.2,259.05,165696,165696,165696,分时图,1.4923093844084718,73.13653194615983,0,0,0,0,165696,0,0,0,0,0,0,0,0,0,0
211,2023-12-28 02:02:00,258.98,258.84,259.12,258.84,244288,244288,244288,分时图,0.09612949214977817,66.54067471311106,0,0,0,0,244288,0,0,0,0,0,0,0,0,0,0
212,2023-12-28 02:03:00,258.75,258.24,258.75,258.24,521936,521936,521936,分时图,0.09612949214977817,66.54067471311106,0,0,0,0,521936,0,0,0,0,0,0,0,0,0,0
213,2023-12-28 02:04:00,258.3,257.65,258.3,257.65,577856,577856,577856,分时图,0.09612949214977817,66.54067471311106,0,0,0,0,577856,0,0,0,0,0,0,0,0,0,0
214,2023-12-28 02:05:00,257.78,258.01,258.02,257.78,402432,402432,402432,分时图,0.09612949214977817,66.54067471311106,0,0,0,0,402432,0,0,0,0,0,0,0,0,0,0
215,2023-12-28 02:06:00,258.05,257.87,258.05,257.82,307264,307264,307264,分时图,0.09612949214977817,66.54067471311106,0,0,0,0,307264,0,0,0,0,0,0,0,0,0,0
216,2023-12-28 02:07:00,257.79,257.39,257.79,257.33,469960,469960,469960,分时图,-1.6018691761366668,66.54067471311106,1,0,0,0,469960,0,0,0,0,0,0,0,0,0,0
217,2023-12-28 02:08:00,257.6,257.67,257.69,257.6,217552,217552,217552,分时图,-1.6018691761366668,66.54067471311106,1,0,0,0,217552,0,0,0,0,0,0,0,0,0,0
218,2023-12-28 02:09:00,257.54,257.6,257.62,257.54,229936,229936,229936,分时图,-1.6018691761366668,66.54067471311106,1,0,0,0,229936,0,0,0,0,0,0,0,0,0,0
219,2023-12-28 02:10:00,257.49,257.62,257.68,257.49,205712,205712,205712,分时图,-1.6018691761366668,66.54067471311106,1,0,0,0,205712,0,0,0,0,0,0,0,0,0,0
220,2023-12-28 02:11:00,257.7,257.36,257.96,257.36,341264,341264,341264,分时图,-1.6018691761366668,66.54067471311106,1,0,0,0,341264,0,0,0,0,0,0,0,0,0,0
221,2023-12-28 02:12:00,257.16,257.08,257.27,256.92,592072,592072,592072,分时图,-2.1394182125829104,66.54067471311106,1,0,0,0,592072,0,0,0,0,0,0,0,0,0,0
222,2023-12-28 02:13:00,257.13,257.05,257.15,256.83,440808,440808,440808,分时图,-2.1394182125829104,66.54067471311106,1,0,0,0,440808,0,0,0,0,0,0,0,0,0,0
223,2023-12-28 02:14:00,257.2,256.98,257.2,256.98,219152,219152,219152,分时图,-2.1394182125829104,66.54067471311106,1,0,0,0,219152,0,0,0,0,0,0,0,0,0,0
224,2023-12-28 02:15:00,257.0,257.1,257.1,256.92,232600,232600,232600,分时图,-2.1394182125829104,66.54067471311106,1,0,0,0,232600,0,0,0,0,0,1,0,0,0,0
225,2023-12-28 02:16:00,257.02,257.25,257.25,257.02,257296,257296,257296,分时图,-2.1394182125829104,66.54067471311106,1,0,0,0,257296,0,0,0,0,0,0,0,0,0,0
226,2023-12-28 02:17:00,257.28,257.01,257.28,257.01,162144,162144,162144,分时图,-2.570693558674563,66.54067471311106,1,0,0,0,162144,0,0,0,0,0,0,0,0,0,0
227,2023-12-28 02:18:00,256.93,256.79,256.93,256.74,289016,289016,289016,分时图,-2.570693558674563,66.54067471311106,1,0,0,0,289016,0,0,0,0,0,0,0,0,0,0
228,2023-12-28 02:19:00,256.79,256.96,257.04,256.79,221592,221592,221592,分时图,-2.570693558674563,66.54067471311106,1,0,0,0,221592,0,0,0,0,0,0,0,0,0,0
229,2023-12-28 02:20:00,256.98,256.9,256.98,256.79,234024,234024,234024,分时图,-2.570693558674563,66.54067471311106,1,0,0,0,234024,0,0,0,0,0,0,0,0,0,0
230,2023-12-28 02:21:00,256.9,257.14,257.14,256.9,247368,247368,247368,分时图,-2.570693558674563,66.54067471311106,1,0,0,0,247368,0,0,0,0,0,0,0,0,0,0
231,2023-12-28 02:22:00,257.25,256.89,257.25,256.89,275352,275352,275352,分时图,-2.9733012264775525,66.54067471311106,1,0,0,0,275352,0,0,0,0,0,0,0,0,0,0
232,2023-12-28 02:23:00,256.89,256.97,256.97,256.77,259848,259848,259848,分时图,-2.9733012264775525,66.54067471311106,1,0,0,0,259848,0,0,0,0,0,0,0,0,0,0
233,2023-12-28 02:24:00,256.99,256.71,256.99,256.65,299976,299976,299976,分时图,-2.9733012264775525,66.54067471311106,1,0,0,0,299976,0,0,0,0,0,0,0,0,0,0
234,2023-12-28 02:25:00,256.78,257.01,257.02,256.78,261400,261400,261400,分时图,-2.9733012264775525,66.54067471311106,1,0,0,0,261400,0,0,0,0,0,0,0,0,0,0
235,2023-12-28 02:26:00,256.96,257.03,257.1,256.8,260648,260648,260648,分时图,-2.9733012264775525,66.54067471311106,1,0,0,0,260648,0,0,0,0,0,0,0,0,0,0
236,2023-12-28 02:27:00,256.98,257.0,257.05,256.91,198824,198824,198824,分时图,-3.184474429108711,66.54067471311106,1,0,0,0,198824,0,0,0,0,0,0,0,0,0,0
237,2023-12-28 02:28:00,256.91,256.94,256.98,256.82,160768,160768,160768,分时图,-3.184474429108711,66.54067471311106,1,0,0,0,160768,0,0,0,0,0,0,0,0,0,0
238,2023-12-28 02:29:00,256.84,256.69,256.84,256.69,152296,152296,152296,分时图,-3.184474429108711,66.54067471311106,1,0,0,0,152296,0,0,0,0,0,0,0,0,0,0
239,2023-12-28 02:30:00,256.6,256.7,256.7,256.5,350056,350056,350056,分时图,-3.184474429108711,66.54067471311106,1,0,0,0,350056,0,0,0,0,0,0,0,0,0,0
240,2023-12-28 02:31:00,256.65,256.93,256.93,256.65,198240,198240,198240,分时图,-3.184474429108711,66.54067471311106,1,0,0,0,198240,0,0,0,0,0,0,0,0,0,0
241,2023-12-28 02:32:00,256.88,256.81,256.88,256.74,168832,168832,168832,分时图,-2.8075079016254705,58.82216373949018,1,0,0,0,168832,0,0,0,0,0,0,0,0,0,0
242,2023-12-28 02:33:00,256.84,256.86,256.87,256.83,91328,91328,91328,分时图,-2.8075079016254705,58.82216373949018,1,0,0,0,91328,0,0,0,0,0,0,0,0,0,0
243,2023-12-28 02:34:00,256.92,256.94,256.94,256.89,120528,120528,120528,分时图,-2.8075079016254705,58.82216373949018,1,0,0,0,120528,0,0,0,0,0,0,0,0,0,0
244,2023-12-28 02:35:00,256.93,257.03,257.03,256.93,165480,165480,165480,分时图,-2.8075079016254705,58.82216373949018,1,0,0,0,165480,0,0,0,0,0,0,0,0,0,0
245,2023-12-28 02:36:00,256.96,256.97,256.97,256.93,128528,128528,128528,分时图,-2.8075079016254705,58.82216373949018,1,0,0,0,128528,0,0,0,0,0,0,0,0,0,0
246,2023-12-28 02:37:00,256.82,256.94,256.94,256.82,139160,139160,139160,分时图,-2.5779900099334085,58.82216373949018,1,0,0,0,139160,0,0,0,0,0,0,0,0,0,0
247,2023-12-28 02:38:00,256.96,257.03,257.13,256.96,210552,210552,210552,分时图,-2.5779900099334085,58.82216373949018,1,0,0,0,210552,0,0,0,0,0,0,0,0,0,0
248,2023-12-28 02:39:00,256.95,257.07,257.1,256.95,169000,169000,169000,分时图,-2.5779900099334085,58.82216373949018,1,0,0,0,169000,0,0,0,0,0,0,0,0,0,0
249,2023-12-28 02:40:00,257.08,257.07,257.11,257.02,99832,99832,99832,分时图,-2.5779900099334085,58.82216373949018,1,0,0,0,99832,0,0,0,0,0,0,0,0,0,0
250,2023-12-28 02:41:00,256.93,256.89,256.93,256.81,238744,238744,238744,分时图,-2.5779900099334085,58.82216373949018,1,0,0,0,238744,0,0,0,0,0,0,0,0,0,0
251,2023-12-28 02:42:00,256.72,256.79,256.82,256.72,198848,198848,198848,分时图,-3.4677799444469386,58.82216373949018,1,0,0,0,198848,0,0,0,0,0,0,0,0,0,0
252,2023-12-28 02:43:00,256.72,256.86,256.86,256.72,156032,156032,156032,分时图,-3.4677799444469386,58.82216373949018,1,0,0,0,156032,0,0,0,0,0,0,0,0,0,0
253,2023-12-28 02:44:00,256.78,256.93,256.94,256.78,153360,153360,153360,分时图,-3.4677799444469386,58.82216373949018,1,0,0,0,153360,0,0,0,0,0,0,0,0,0,0
254,2023-12-28 02:45:00,256.85,256.76,256.86,256.76,136736,136736,136736,分时图,-3.4677799444469386,58.82216373949018,1,0,0,0,136736,0,0,0,0,0,0,0,0,0,0
255,2023-12-28 02:46:00,256.73,256.58,256.77,256.58,215632,215632,215632,分时图,-3.4677799444469386,58.82216373949018,1,0,0,0,215632,0,0,0,0,0,0,0,0,0,0
256,2023-12-28 02:47:00,256.37,256.16,256.37,256.16,623168,623168,623168,分时图,-4.057522320257945,58.82216373949018,1,0,0,0,623168,0,0,0,0,0,0,0,0,0,0
257,2023-12-28 02:48:00,256.11,256.07,256.2,256.02,321240,321240,321240,分时图,-4.057522320257945,58.82216373949018,1,0,0,0,321240,0,0,0,0,0,0,0,0,0,0
258,2023-12-28 02:49:00,256.05,255.94,256.05,255.93,334992,334992,334992,分时图,-4.057522320257945,58.82216373949018,1,0,0,0,334992,0,0,0,0,0,0,0,0,0,0
259,2023-12-28 02:50:00,255.85,256.02,256.07,255.85,283832,283832,283832,分时图,-4.057522320257945,58.82216373949018,1,0,0,0,283832,0,0,0,0,0,0,0,0,0,0
260,2023-12-28 02:51:00,255.94,255.99,256.01,255.94,226752,226752,226752,分时图,-4.057522320257945,58.82216373949018,1,0,0,0,226752,0,0,0,0,0,0,0,0,0,0
261,2023-12-28 02:52:00,255.97,256.02,256.06,255.93,187864,187864,187864,分时图,-4.444763444539255,58.82216373949018,1,0,0,0,187864,0,0,0,0,0,0,0,0,0,0
262,2023-12-28 02:53:00,255.96,255.94,256.04,255.94,193288,193288,193288,分时图,-4.444763444539255,58.82216373949018,1,0,0,0,193288,0,0,0,0,0,0,0,0,0,0
263,2023-12-28 02:54:00,255.91,256.02,256.03,255.91,135736,135736,135736,分时图,-4.444763444539255,58.82216373949018,1,0,0,0,135736,0,0,0,0,0,0,0,0,0,0
264,2023-12-28 02:55:00,256.02,256.09,256.17,256.0,192544,192544,192544,分时图,-4.444763444539255,58.82216373949018,1,0,0,0,192544,0,0,0,0,0,0,0,0,0,0
265,2023-12-28 02:56:00,256.05,256.02,256.11,256.0,134624,134624,134624,分时图,-4.444763444539255,58.82216373949018,1,0,0,0,134624,0,0,0,0,0,0,0,0,0,0
266,2023-12-28 02:57:00,256.07,255.83,256.07,255.63,331552,331552,331552,分时图,-5.303863445995059,58.82216373949018,1,0,0,0,331552,0,0,0,0,0,0,0,0,0,0
267,2023-12-28 02:58:00,255.89,255.79,255.89,255.71,184304,184304,184304,分时图,-5.303863445995059,58.82216373949018,1,0,0,0,184304,0,0,0,0,0,0,0,0,0,0
268,2023-12-28 02:59:00,255.72,255.76,255.76,255.61,202064,202064,202064,分时图,-5.303863445995059,58.82216373949018,1,0,0,0,202064,0,0,0,0,0,0,0,0,0,0
269,2023-12-28 03:00:00,255.8,255.81,255.88,255.8,205608,205608,205608,分时图,-5.303863445995059,58.82216373949018,1,0,0,0,205608,0,0,0,0,0,0,0,0,0,0
270,2023-12-28 03:01:00,255.9,255.61,255.9,255.61,186032,186032,186032,分时图,-5.303863445995059,58.82216373949018,1,0,0,0,186032,0,0,0,0,0,0,0,0,0,0
271,2023-12-28 03:02:00,255.46,255.65,255.66,255.46,313680,313680,313680,分时图,-4.836128943058842,52.49341620453953,1,0,0,0,313680,0,0,0,0,0,0,0,0,0,0
272,2023-12-28 03:03:00,255.66,255.59,255.67,255.56,193320,193320,193320,分时图,-4.836128943058842,52.49341620453953,1,0,0,0,193320,0,0,0,0,0,0,0,0,0,0
273,2023-12-28 03:04:00,255.54,255.71,255.71,255.52,175000,175000,175000,分时图,-4.836128943058842,52.49341620453953,1,0,0,0,175000,0,0,0,0,0,0,0,0,0,0
274,2023-12-28 03:05:00,255.81,256.02,256.02,255.81,241616,241616,241616,分时图,-4.836128943058842,52.49341620453953,1,0,0,0,241616,0,0,0,0,0,0,0,0,0,0
275,2023-12-28 03:06:00,255.96,255.85,255.97,255.84,138392,138392,138392,分时图,-4.836128943058842,52.49341620453953,1,0,0,0,138392,0,0,0,0,0,0,0,0,0,0
276,2023-12-28 03:07:00,255.86,256.0,256.03,255.86,168248,168248,168248,分时图,-3.890208536309707,52.49341620453953,1,0,0,0,168248,0,0,0,0,0,0,0,0,0,0
277,2023-12-28 03:08:00,256.01,255.96,256.01,255.91,119000,119000,119000,分时图,-3.890208536309707,52.49341620453953,1,0,0,0,119000,0,0,0,0,0,0,0,0,0,0
278,2023-12-28 03:09:00,255.99,256.0,256.01,255.98,107760,107760,107760,分时图,-3.890208536309707,52.49341620453953,1,0,0,0,107760,0,0,0,0,0,0,0,0,0,0
279,2023-12-28 03:10:00,255.98,255.95,255.98,255.93,107904,107904,107904,分时图,-3.890208536309707,52.49341620453953,1,0,0,0,107904,0,0,0,0,0,0,0,0,0,0
280,2023-12-28 03:11:00,255.99,256.01,256.02,255.95,145880,145880,145880,分时图,-3.890208536309707,52.49341620453953,1,0,0,0,145880,0,0,0,0,0,0,0,0,0,0
281,2023-12-28 03:12:00,255.95,255.97,256.0,255.95,110056,110056,110056,分时图,-3.2544280551579234,52.49341620453953,1,0,0,0,110056,0,0,0,0,0,0,0,0,0,0
282,2023-12-28 03:13:00,255.89,256.0,256.01,255.89,211968,211968,211968,分时图,-3.2544280551579234,52.49341620453953,1,0,0,0,211968,0,0,0,0,0,0,0,0,0,0
283,2023-12-28 03:14:00,255.9,255.95,255.95,255.75,156552,156552,156552,分时图,-3.2544280551579234,52.49341620453953,1,0,0,0,156552,0,0,0,0,0,0,0,0,0,0
284,2023-12-28 03:15:00,255.96,255.75,255.96,255.75,123064,123064,123064,分时图,-3.2544280551579234,52.49341620453953,1,0,0,0,123064,0,0,0,0,0,0,0,0,0,0
285,2023-12-28 03:16:00,255.72,255.93,256.0,255.72,216744,216744,216744,分时图,-3.2544280551579234,52.49341620453953,1,0,0,0,216744,0,0,0,0,0,0,0,0,0,0
286,2023-12-28 03:17:00,255.91,255.8,255.97,255.8,131552,131552,131552,分时图,-2.7138618224428157,52.49341620453953,1,0,0,0,131552,0,0,0,0,0,0,0,0,0,0
287,2023-12-28 03:18:00,255.89,255.87,255.93,255.87,95472,95472,95472,分时图,-2.7138618224428157,52.49341620453953,1,0,0,0,95472,0,0,0,0,0,0,0,0,0,0
288,2023-12-28 03:19:00,255.93,255.91,255.93,255.88,87624,87624,87624,分时图,-2.7138618224428157,52.49341620453953,1,0,0,0,87624,0,0,0,0,0,0,0,0,0,0
289,2023-12-28 03:20:00,255.95,255.9,255.95,255.89,89984,89984,89984,分时图,-2.7138618224428157,52.49341620453953,1,0,0,0,89984,0,0,0,0,0,0,0,0,0,0
290,2023-12-28 03:21:00,255.96,255.91,255.96,255.91,99992,99992,99992,分时图,-2.7138618224428157,52.49341620453953,1,0,0,0,99992,0,0,0,0,0,0,0,0,0,0
291,2023-12-28 03:22:00,255.93,255.96,255.96,255.92,73872,73872,73872,分时图,-1.9237069627334513,52.49341620453953,1,0,0,0,73872,0,0,0,0,0,0,0,0,0,0
292,2023-12-28 03:23:00,255.99,256.08,256.08,255.98,174688,174688,174688,分时图,-1.9237069627334513,52.49341620453953,1,0,0,0,174688,0,0,0,0,0,0,0,0,0,0
293,2023-12-28 03:24:00,256.11,256.25,256.26,256.11,316808,316808,316808,分时图,-1.9237069627334513,52.49341620453953,1,0,0,0,316808,0,0,0,0,0,0,0,0,0,0
294,2023-12-28 03:25:00,256.2,256.3,256.32,256.2,157672,157672,157672,分时图,-1.9237069627334513,52.49341620453953,1,0,0,0,157672,0,0,0,0,0,0,0,0,0,0
295,2023-12-28 03:26:00,256.05,256.0,256.12,255.99,286952,286952,286952,分时图,-1.9237069627334513,52.49341620453953,1,0,0,0,286952,0,0,0,0,0,0,0,0,0,0
296,2023-12-28 03:27:00,255.99,255.91,255.99,255.89,154696,154696,154696,分时图,-1.2496000317745164,52.49341620453953,1,0,0,0,154696,0,0,0,0,0,0,0,0,0,0
297,2023-12-28 03:28:00,255.99,256.02,256.11,255.95,168584,168584,168584,分时图,-1.2496000317745164,52.49341620453953,1,0,0,0,168584,0,0,0,0,0,0,0,0,0,0
298,2023-12-28 03:29:00,255.98,255.99,256.02,255.98,99704,99704,99704,分时图,-1.2496000317745164,52.49341620453953,1,0,0,0,99704,0,0,0,0,0,0,0,0,0,0
299,2023-12-28 03:30:00,255.98,256.01,256.05,255.98,64808,64808,64808,分时图,-1.2496000317745164,52.49341620453953,1,0,0,0,64808,0,0,0,0,0,0,0,0,0,0
300,2023-12-28 03:31:00,256.05,255.98,256.05,255.95,141056,141056,141056,分时图,-1.2496000317745164,52.49341620453953,1,0,0,0,141056,0,0,0,0,0,0,0,0,0,0
301,2023-12-28 03:32:00,256.01,255.98,256.01,255.95,101432,101432,101432,分时图,-1.0346834646340213,44.42019549970249,1,0,0,0,101432,0,0,0,0,0,0,0,0,0,0
302,2023-12-28 03:33:00,255.95,255.69,255.95,255.6,316144,316144,316144,分时图,-1.0346834646340213,44.42019549970249,1,0,0,0,316144,0,0,0,0,0,0,0,0,0,0
303,2023-12-28 03:34:00,255.62,255.21,255.62,255.21,355520,355520,355520,分时图,-1.0346834646340213,44.42019549970249,1,0,0,0,355520,0,0,0,0,0,0,0,0,0,0
304,2023-12-28 03:35:00,255.06,254.95,255.06,254.87,641296,641296,641296,分时图,-1.0346834646340213,44.42019549970249,1,0,0,0,641296,0,0,0,0,0,0,0,0,0,0
305,2023-12-28 03:36:00,255.07,255.29,255.29,255.07,182368,182368,182368,分时图,-1.0346834646340213,44.42019549970249,1,0,0,0,182368,0,0,0,0,0,0,0,0,0,0
306,2023-12-28 03:37:00,255.27,255.12,255.38,255.12,200704,200704,200704,分时图,-0.547842062641891,44.42019549970249,1,0,0,0,200704,0,0,0,0,0,0,0,0,0,0
307,2023-12-28 03:38:00,255.18,255.28,255.29,255.17,175808,175808,175808,分时图,-0.547842062641891,44.42019549970249,1,0,0,0,175808,0,0,0,0,0,0,0,0,0,0
308,2023-12-28 03:39:00,255.21,255.15,255.24,255.15,100864,100864,100864,分时图,-0.547842062641891,44.42019549970249,1,0,0,0,100864,0,0,0,0,0,0,0,0,0,0
309,2023-12-28 03:40:00,255.16,255.16,255.18,255.11,141648,141648,141648,分时图,-0.547842062641891,44.42019549970249,1,0,0,0,141648,0,0,0,0,0,0,0,0,0,0
310,2023-12-28 03:41:00,255.25,255.36,255.36,255.23,167296,167296,167296,分时图,-0.547842062641891,44.42019549970249,1,0,0,0,167296,0,0,0,0,0,0,0,0,0,0
311,2023-12-28 03:42:00,255.48,255.46,255.48,255.39,148800,148800,148800,分时图,-1.530661968838384,44.42019549970249,1,0,0,0,148800,0,0,0,0,0,0,0,0,0,0
312,2023-12-28 03:43:00,255.44,255.27,255.44,255.09,315416,315416,315416,分时图,-1.530661968838384,44.42019549970249,1,0,0,0,315416,0,0,0,0,0,0,0,0,0,0
313,2023-12-28 03:44:00,255.36,255.24,255.36,255.14,141976,141976,141976,分时图,-1.530661968838384,44.42019549970249,1,0,0,0,141976,0,0,0,0,0,0,0,0,0,0
314,2023-12-28 03:45:00,255.36,255.05,255.36,254.99,237856,237856,237856,分时图,-1.530661968838384,44.42019549970249,1,0,0,0,237856,0,0,0,0,0,0,0,0,0,0
315,2023-12-28 03:46:00,255.05,254.7,255.05,254.7,387184,387184,387184,分时图,-1.530661968838384,44.42019549970249,1,0,0,0,387184,0,0,0,0,0,0,0,0,0,0
316,2023-12-28 03:47:00,254.77,254.91,254.91,254.77,202960,202960,202960,分时图,-1.7646845019436803,44.42019549970249,1,0,0,0,202960,0,0,0,0,0,0,0,0,0,0
317,2023-12-28 03:48:00,254.78,254.81,254.82,254.75,194072,194072,194072,分时图,-1.7646845019436803,44.42019549970249,1,0,0,0,194072,0,0,0,0,0,0,0,0,0,0
318,2023-12-28 03:49:00,254.76,254.83,254.83,254.74,171144,171144,171144,分时图,-1.7646845019436803,44.42019549970249,1,0,0,0,171144,0,0,0,0,0,0,0,0,0,0
319,2023-12-28 03:50:00,254.77,254.88,254.88,254.73,256344,256344,256344,分时图,-1.7646845019436803,44.42019549970249,1,0,0,0,256344,0,0,0,0,0,0,0,0,0,0
320,2023-12-28 03:51:00,254.83,254.87,254.87,254.78,104840,104840,104840,分时图,-1.7646845019436803,44.42019549970249,1,0,0,0,104840,0,0,0,0,0,0,0,0,0,0
321,2023-12-28 03:52:00,254.85,254.72,254.85,254.55,250112,250112,250112,分时图,-2.397243796178273,44.42019549970249,1,0,0,0,250112,0,0,0,0,0,0,0,0,0,0
322,2023-12-28 03:53:00,254.76,254.78,254.79,254.75,113344,113344,113344,分时图,-2.397243796178273,44.42019549970249,1,0,0,0,113344,0,0,0,0,0,0,0,0,0,0
323,2023-12-28 03:54:00,254.73,254.68,254.73,254.5,248976,248976,248976,分时图,-2.397243796178273,44.42019549970249,1,0,0,0,248976,0,0,0,0,0,0,0,0,0,0
324,2023-12-28 03:55:00,254.58,254.04,254.58,254.04,421768,421768,421768,分时图,-2.397243796178273,44.42019549970249,1,0,0,0,421768,0,0,0,0,0,0,0,0,0,0
325,2023-12-28 03:56:00,254.08,254.09,254.2,254.08,434400,434400,434400,分时图,-2.397243796178273,44.42019549970249,1,0,0,0,434400,0,0,0,0,0,0,0,0,0,0
326,2023-12-28 03:57:00,254.15,254.14,254.17,254.08,178680,178680,178680,分时图,-2.379552927190108,44.42019549970249,1,0,0,0,178680,0,0,0,0,0,0,0,0,0,0
327,2023-12-28 03:58:00,254.15,254.21,254.21,254.15,243536,243536,243536,分时图,-2.379552927190108,44.42019549970249,1,0,0,0,243536,0,0,0,0,0,0,0,0,0,0
328,2023-12-28 03:59:00,254.29,254.07,254.29,254.0,377080,377080,377080,分时图,-2.379552927190108,44.42019549970249,1,0,0,0,377080,0,0,0,0,0,0,0,0,0,0
329,2023-12-28 04:00:00,254.07,254.12,254.2,254.07,226416,226416,226416,分时图,-2.379552927190108,44.42019549970249,1,0,0,0,226416,0,0,0,0,0,0,0,0,0,0
330,2023-12-28 04:01:00,254.12,254.22,254.22,254.08,156432,156432,156432,分时图,-2.379552927190108,44.42019549970249,1,0,0,0,156432,0,0,0,0,0,0,0,0,0,0
331,2023-12-28 04:02:00,254.27,254.43,254.43,254.24,257112,257112,257112,分时图,-1.8085061672191358,37.01349970865573,1,0,0,0,257112,0,0,0,0,0,0,0,0,0,0
332,2023-12-28 04:03:00,254.46,254.02,254.46,254.02,220288,220288,220288,分时图,-1.8085061672191358,37.01349970865573,1,0,0,0,220288,0,0,0,0,0,0,0,0,0,0
333,2023-12-28 04:04:00,254.0,254.09,254.29,254.0,423976,423976,423976,分时图,-1.8085061672191358,37.01349970865573,1,0,0,0,423976,0,0,0,0,0,0,0,0,0,0
334,2023-12-28 04:05:00,254.07,253.9,254.07,253.9,256456,256456,256456,分时图,-1.8085061672191358,37.01349970865573,1,0,0,0,256456,0,0,0,0,0,0,0,0,0,0
335,2023-12-28 04:06:00,253.82,254.12,254.12,253.72,451648,451648,451648,分时图,-1.8085061672191358,37.01349970865573,1,0,0,0,451648,0,0,0,0,0,0,0,0,0,0
336,2023-12-28 04:07:00,254.02,254.12,254.21,254.02,182336,182336,182336,分时图,-2.5210764742882255,37.01349970865573,1,0,0,0,182336,0,0,0,0,0,0,0,0,0,0
337,2023-12-28 04:08:00,254.1,254.02,254.18,253.98,196936,196936,196936,分时图,-2.5210764742882255,37.01349970865573,1,0,0,0,196936,0,0,0,0,0,0,0,0,0,0
338,2023-12-28 04:09:00,254.12,253.9,254.12,253.9,141424,141424,141424,分时图,-2.5210764742882255,37.01349970865573,1,0,0,0,141424,0,0,0,0,0,0,0,0,0,0
339,2023-12-28 04:10:00,253.86,253.68,253.95,253.68,312920,312920,312920,分时图,-2.5210764742882255,37.01349970865573,1,0,0,0,312920,0,0,0,0,0,0,0,0,0,0
340,2023-12-28 04:11:00,253.69,253.29,253.69,253.29,504408,504408,504408,分时图,-2.5210764742882255,37.01349970865573,1,0,0,0,504408,0,0,0,0,0,0,0,0,0,0
341,2023-12-28 04:12:00,253.19,253.11,253.19,253.0,547952,547952,547952,分时图,-2.3661551574493487,37.01349970865573,1,0,0,0,547952,0,0,0,0,0,0,0,0,0,0
342,2023-12-28 04:13:00,253.15,252.85,253.15,252.85,378448,378448,378448,分时图,-2.3661551574493487,37.01349970865573,1,0,0,0,378448,0,0,0,0,0,0,0,0,0,0
343,2023-12-28 04:14:00,252.87,253.09,253.1,252.87,385232,385232,385232,分时图,-2.3661551574493487,37.01349970865573,1,0,0,0,385232,0,0,0,0,0,0,0,0,0,0
344,2023-12-28 04:15:00,253.01,253.08,253.08,252.92,257352,257352,257352,分时图,-2.3661551574493487,37.01349970865573,1,0,0,0,257352,0,0,0,0,0,0,0,0,0,0
345,2023-12-28 04:16:00,253.01,253.13,253.17,253.01,201568,201568,201568,分时图,-2.3661551574493487,37.01349970865573,1,0,0,0,201568,0,0,0,0,0,0,0,0,0,0
346,2023-12-28 04:17:00,253.02,253.17,253.17,252.97,209712,209712,209712,分时图,-0.40100269217630213,37.01349970865573,1,0,0,0,209712,0,0,0,0,0,0,0,0,0,0
347,2023-12-28 04:18:00,253.12,253.36,253.36,253.12,231312,231312,231312,分时图,-0.40100269217630213,37.01349970865573,1,0,0,0,231312,0,0,0,0,0,0,0,0,0,0
348,2023-12-28 04:19:00,253.34,253.35,253.47,253.34,260368,260368,260368,分时图,-0.40100269217630213,37.01349970865573,1,0,0,0,260368,0,0,0,0,0,0,0,0,0,0
349,2023-12-28 04:20:00,253.48,253.82,253.82,253.48,363584,363584,363584,分时图,-0.40100269217630213,37.01349970865573,1,0,0,0,363584,0,0,0,0,0,0,0,0,0,0
350,2023-12-28 04:21:00,253.74,253.79,253.84,253.71,285072,285072,285072,分时图,-0.40100269217630213,37.01349970865573,1,0,0,0,285072,0,0,0,0,0,0,0,0,0,0
351,2023-12-28 04:22:00,253.81,253.97,253.97,253.8,238120,238120,238120,分时图,1.972963149855353,37.01349970865573,0,0,0,0,238120,0,0,0,0,0,0,0,0,0,0
352,2023-12-28 04:23:00,254.01,253.94,254.01,253.81,355224,355224,355224,分时图,1.972963149855353,37.01349970865573,0,0,0,0,355224,0,0,0,0,0,0,0,0,0,0
353,2023-12-28 04:24:00,253.89,253.87,253.95,253.83,162272,162272,162272,分时图,1.972963149855353,37.01349970865573,0,0,0,0,162272,0,0,0,0,0,0,0,0,0,0
354,2023-12-28 04:25:00,253.91,253.81,253.91,253.81,176040,176040,176040,分时图,1.972963149855353,37.01349970865573,0,0,0,0,176040,0,0,0,0,0,0,0,0,0,0
355,2023-12-28 04:26:00,253.93,254.01,254.01,253.86,239944,239944,239944,分时图,1.972963149855353,37.01349970865573,0,0,0,0,239944,0,0,0,0,0,0,0,0,0,0
356,2023-12-28 04:27:00,253.95,254.0,254.0,253.88,183024,183024,183024,分时图,4.1604364153908975,37.01349970865573,0,0,0,0,183024,0,0,0,0,0,0,0,0,0,0
357,2023-12-28 04:28:00,254.01,253.98,254.01,253.94,166512,166512,166512,分时图,4.1604364153908975,37.01349970865573,0,0,0,0,166512,0,0,0,0,0,0,0,0,0,0
358,2023-12-28 04:29:00,254.05,253.85,254.05,253.85,190680,190680,190680,分时图,4.1604364153908975,37.01349970865573,0,0,0,0,190680,0,0,0,0,0,0,0,0,0,0
359,2023-12-28 04:30:00,253.98,253.94,254.0,253.94,194376,194376,194376,分时图,4.1604364153908975,37.01349970865573,0,0,0,0,194376,0,0,0,0,0,0,0,0,0,0
360,2023-12-28 04:31:00,253.98,254.03,254.1,253.98,314816,314816,314816,分时图,4.1604364153908975,37.01349970865573,0,0,0,0,314816,0,0,0,0,0,0,0,0,0,0
361,2023-12-28 04:32:00,254.11,254.17,254.17,254.05,165712,165712,165712,分时图,5.603668329935058,31.114134280512673,0,0,0,0,165712,0,0,0,0,0,0,0,0,0,0
362,2023-12-28 04:33:00,254.15,254.4,254.4,254.15,228904,228904,228904,分时图,5.603668329935058,31.114134280512673,0,0,0,0,228904,0,0,0,0,0,0,0,0,0,0
363,2023-12-28 04:34:00,254.47,254.01,254.47,254.01,440240,440240,440240,分时图,5.603668329935058,31.114134280512673,0,0,0,0,440240,0,0,0,0,0,0,0,0,0,0
364,2023-12-28 04:35:00,253.99,253.83,254.01,253.83,210632,210632,210632,分时图,5.603668329935058,31.114134280512673,0,0,0,0,210632,0,0,0,0,0,0,0,0,0,0
365,2023-12-28 04:36:00,253.74,253.84,253.85,253.74,238912,238912,238912,分时图,5.603668329935058,31.114134280512673,0,0,0,0,238912,0,0,0,0,0,0,0,0,0,0
366,2023-12-28 04:37:00,253.92,253.98,253.99,253.92,204216,204216,204216,分时图,7.6632800813287325,31.114134280512673,0,0,0,0,204216,0,0,0,0,0,0,0,0,0,0
367,2023-12-28 04:38:00,253.92,254.03,254.1,253.87,244904,244904,244904,分时图,7.6632800813287325,31.114134280512673,0,0,0,0,244904,0,0,0,0,0,0,0,0,0,0
368,2023-12-28 04:39:00,253.96,254.17,254.17,253.96,207768,207768,207768,分时图,7.6632800813287325,31.114134280512673,0,0,0,0,207768,0,0,0,0,0,0,0,0,0,0
369,2023-12-28 04:40:00,254.1,254.07,254.15,254.07,193416,193416,193416,分时图,7.6632800813287325,31.114134280512673,0,0,0,0,193416,0,0,0,0,0,0,0,0,0,0
370,2023-12-28 04:41:00,254.08,254.12,254.17,254.08,137800,137800,137800,分时图,7.6632800813287325,31.114134280512673,0,0,0,0,137800,0,0,0,0,0,0,0,0,0,0
371,2023-12-28 04:42:00,254.04,254.04,254.1,254.04,130024,130024,130024,分时图,8.985276501863858,31.114134280512673,0,0,0,0,130024,0,0,0,0,0,0,0,0,0,0
372,2023-12-28 04:43:00,253.66,253.8,253.83,253.66,348368,348368,348368,分时图,8.985276501863858,31.114134280512673,0,0,0,0,348368,0,0,0,0,0,0,0,0,0,0
373,2023-12-28 04:44:00,253.89,254.04,254.04,253.89,257864,257864,257864,分时图,8.985276501863858,31.114134280512673,0,0,0,0,257864,0,0,0,0,0,0,0,0,0,0
374,2023-12-28 04:45:00,254.0,254.05,254.05,254.0,336992,336992,336992,分时图,8.985276501863858,31.114134280512673,0,0,0,0,336992,0,0,0,0,0,0,0,0,0,0
375,2023-12-28 04:46:00,254.04,253.93,254.04,253.93,198232,198232,198232,分时图,8.985276501863858,31.114134280512673,0,0,0,0,198232,0,0,0,0,0,0,0,0,0,0
376,2023-12-28 04:47:00,253.82,253.83,253.89,253.76,227624,227624,227624,分时图,9.564884218347135,31.114134280512673,0,0,0,0,227624,0,0,0,0,0,0,0,0,0,0
377,2023-12-28 04:48:00,253.84,253.55,253.84,253.55,305256,305256,305256,分时图,9.564884218347135,31.114134280512673,0,0,0,0,305256,0,0,0,0,0,0,0,0,0,0
378,2023-12-28 04:49:00,253.77,253.92,253.92,253.77,215664,215664,215664,分时图,9.564884218347135,31.114134280512673,0,0,0,0,215664,0,0,0,0,0,0,0,0,0,0
379,2023-12-28 04:50:00,253.84,253.84,253.85,253.81,211776,211776,211776,分时图,9.564884218347135,31.114134280512673,0,0,0,0,211776,0,0,0,0,0,0,0,0,0,0
380,2023-12-28 04:51:00,253.73,253.71,253.79,253.67,248688,248688,248688,分时图,9.564884218347135,31.114134280512673,0,0,0,0,248688,0,0,0,0,0,0,0,0,0,0
381,2023-12-28 04:52:00,253.79,253.58,253.79,253.58,271056,271056,271056,分时图,8.279974756433901,31.114134280512673,0,0,0,0,271056,0,0,0,0,0,0,0,0,0,0
382,2023-12-28 04:53:00,253.76,253.49,253.76,253.46,378992,378992,378992,分时图,8.279974756433901,31.114134280512673,0,0,0,0,378992,0,0,0,0,0,0,0,0,0,0
383,2023-12-28 04:54:00,253.46,253.54,253.6,253.4,283360,283360,283360,分时图,8.279974756433901,31.114134280512673,0,0,0,0,283360,0,0,0,0,0,0,0,0,0,0
384,2023-12-28 04:55:00,253.53,253.5,253.69,253.5,417224,417224,417224,分时图,8.279974756433901,31.114134280512673,0,0,0,0,417224,0,0,0,0,0,0,0,0,0,0
385,2023-12-28 04:56:00,253.36,253.05,253.43,253.05,457792,457792,457792,分时图,8.279974756433901,31.114134280512673,0,0,0,0,457792,0,0,0,0,0,0,0,0,0,0
386,2023-12-28 04:57:00,253.07,253.13,253.15,252.96,494872,494872,494872,分时图,12.090689988466014,31.114134280512673,0,0,0,0,494872,0,0,0,0,0,0,0,0,0,0
387,2023-12-28 04:58:00,253.09,252.98,253.14,252.94,424528,424528,424528,分时图,12.090689988466014,31.114134280512673,0,0,0,0,424528,0,0,0,0,0,0,0,0,0,0
388,2023-12-28 04:59:00,253.08,252.99,253.08,252.99,448296,448296,448296,分时图,12.090689988466014,31.114134280512673,0,0,0,0,448296,0,0,0,0,0,0,0,0,0,0
389,2023-12-28 05:00:00,253.11,253.18,254.89,252.31,4334720,4334720,4334720,分时图,12.090689988466014,31.114134280512673,0,0,0,0,4334720,0,0,0,0,0,0,0,0,0,0
